{
    "mean": 0.4,
    "lower": 0.09635810565733854,
    "upper": 0.7036418943426614
}