{
    "mean": 0.55,
    "lower": 0.3319637644793876,
    "upper": 0.7680362355206125
}