{
    "mean": 0.8,
    "lower": 0.6246922705640165,
    "upper": 0.9753077294359835
}