{
    "mean": 0.6,
    "lower": 0.38529275745797487,
    "upper": 0.8147072425420251
}