{
    "mean": 0.9,
    "lower": 0.7140580735820993,
    "upper": 1.0859419264179007
}