{
    "mean": 0.75,
    "lower": 0.5602238160358366,
    "upper": 0.9397761839641634
}