{
    "mean": 0.4,
    "lower": 0.22469227056401647,
    "upper": 0.5753077294359836
}