{
    "mean": 0.06666666666666667,
    "lower": -0.022595660005692506,
    "upper": 0.15592899333902582
}