{
    "mean": 0.8,
    "lower": 0.5520774314427992,
    "upper": 1.047922568557201
}