{
    "mean": 0.4,
    "lower": 0.1852927574579749,
    "upper": 0.6147072425420251
}