{
    "mean": 0.9,
    "lower": 0.7685192029230123,
    "upper": 1.0314807970769877
}