{
    "mean": 0.65,
    "lower": 0.440958855724525,
    "upper": 0.8590411442754751
}