{
    "mean": 0.7,
    "lower": 0.49915976498719183,
    "upper": 0.9008402350128081
}