{
    "mean": 0.15,
    "lower": -0.006493450342178825,
    "upper": 0.3064934503421788
}