{
    "mean": 0.35,
    "lower": 0.14095885572452488,
    "upper": 0.559041144275475
}